"","video","grp","stim","loc","field.grp.sz","avg.h.bystim","short.beh","sum.beh","prop.beh","mean.def","mean.notdef","stim.mean.propdef","mean.in2m","mean.out2m","stim.mean.prop2m","time.last2m"
"1","11C1AM","11","c_call","Core",15,0.676333333333333,"St",18,0.692307692307692,1,7,0.125,14,0,1,NA
"2","11C1AM","11","c_call","Core",15,0.676333333333333,"W/R",5,0.192307692307692,1,7,0.125,14,0,1,NA
"3","11C1AM","11","c_call","Core",15,0.676333333333333,"A",0,0,1,7,0.125,14,0,1,NA
"4","11C1AM","11","c_call","Core",15,0.676333333333333,"V",3,0.115384615384615,1,7,0.125,14,0,1,NA
"5","11C1AM","11","c_call","Core",15,0.676333333333333,"M",0,0,1,7,0.125,14,0,1,NA
"6","11C1AM","11","c_call","Core",15,0.676333333333333,"D",0,0,1,7,0.125,14,0,1,NA
"7","11C1AM","11","c_scents","Core",15,0.49425,"St",19,0.703703703703704,2,4,0.333333333333333,6,8,0.428571428571429,210
"8","11C1AM","11","c_scents","Core",15,0.49425,"W/R",0,0,2,4,0.333333333333333,6,8,0.428571428571429,210
"9","11C1AM","11","c_scents","Core",15,0.49425,"A",0,0,2,4,0.333333333333333,6,8,0.428571428571429,210
"10","11C1AM","11","c_scents","Core",15,0.49425,"V",0,0,2,4,0.333333333333333,6,8,0.428571428571429,210
"11","11C1AM","11","c_scents","Core",15,0.49425,"M",8,0.296296296296296,2,4,0.333333333333333,6,8,0.428571428571429,210
"12","11C1AM","11","c_scents","Core",15,0.49425,"D",0,0,2,4,0.333333333333333,6,8,0.428571428571429,210
"13","11C2AM","11","c_call","Non-core",13,NA,"St",0,NA,NA,NA,NA,0,8,0,NA
"14","11C2AM","11","c_call","Non-core",13,NA,"W/R",0,NA,NA,NA,NA,0,8,0,NA
"15","11C2AM","11","c_call","Non-core",13,NA,"A",0,NA,NA,NA,NA,0,8,0,NA
"16","11C2AM","11","c_call","Non-core",13,NA,"V",0,NA,NA,NA,NA,0,8,0,NA
"17","11C2AM","11","c_call","Non-core",13,NA,"M",0,NA,NA,NA,NA,0,8,0,NA
"18","11C2AM","11","c_call","Non-core",13,NA,"D",0,NA,NA,NA,NA,0,8,0,NA
"19","11C2AM","11","c_scents","Non-core",13,0.187333333333333,"St",4,0.5,0,2,0,2,6,0.25,210
"20","11C2AM","11","c_scents","Non-core",13,0.187333333333333,"W/R",4,0.5,0,2,0,2,6,0.25,210
"21","11C2AM","11","c_scents","Non-core",13,0.187333333333333,"A",0,0,0,2,0,2,6,0.25,210
"22","11C2AM","11","c_scents","Non-core",13,0.187333333333333,"V",0,0,0,2,0,2,6,0.25,210
"23","11C2AM","11","c_scents","Non-core",13,0.187333333333333,"M",0,0,0,2,0,2,6,0.25,210
"24","11C2AM","11","c_scents","Non-core",13,0.187333333333333,"D",0,0,0,2,0,2,6,0.25,210
"25","11C2PM","11","c_intruders","Non-core",13,0.534285714285714,"St",24,0.705882352941177,0,4,0,5,4,0.555555555555556,210
"26","11C2PM","11","c_intruders","Non-core",13,0.534285714285714,"W/R",6,0.176470588235294,0,4,0,5,4,0.555555555555556,210
"27","11C2PM","11","c_intruders","Non-core",13,0.534285714285714,"A",0,0,0,4,0,5,4,0.555555555555556,210
"28","11C2PM","11","c_intruders","Non-core",13,0.534285714285714,"V",4,0.117647058823529,0,4,0,5,4,0.555555555555556,210
"29","11C2PM","11","c_intruders","Non-core",13,0.534285714285714,"M",0,0,0,4,0,5,4,0.555555555555556,210
"30","11C2PM","11","c_intruders","Non-core",13,0.534285714285714,"D",0,0,0,4,0,5,4,0.555555555555556,210
"31","11C3AM","11","c_scents","Core",12,0.73725,"St",11,0.578947368421053,0,4,0,4,6,0.4,210
"32","11C3AM","11","c_scents","Core",12,0.73725,"W/R",6,0.315789473684211,0,4,0,4,6,0.4,210
"33","11C3AM","11","c_scents","Core",12,0.73725,"A",0,0,0,4,0,4,6,0.4,210
"34","11C3AM","11","c_scents","Core",12,0.73725,"V",0,0,0,4,0,4,6,0.4,210
"35","11C3AM","11","c_scents","Core",12,0.73725,"M",2,0.105263157894737,0,4,0,4,6,0.4,210
"36","11C3AM","11","c_scents","Core",12,0.73725,"D",0,0,0,4,0,4,6,0.4,210
"37","11C3PM","11","c_intruders","Core",12,0.34,"St",19,0.791666666666667,0,3,0,3,4,0.428571428571429,210
"38","11C3PM","11","c_intruders","Core",12,0.34,"W/R",5,0.208333333333333,0,3,0,3,4,0.428571428571429,210
"39","11C3PM","11","c_intruders","Core",12,0.34,"A",0,0,0,3,0,3,4,0.428571428571429,210
"40","11C3PM","11","c_intruders","Core",12,0.34,"V",0,0,0,3,0,3,4,0.428571428571429,210
"41","11C3PM","11","c_intruders","Core",12,0.34,"M",0,0,0,3,0,3,4,0.428571428571429,210
"42","11C3PM","11","c_intruders","Core",12,0.34,"D",0,0,0,3,0,3,4,0.428571428571429,210
"43","11R1PM","11","t_intruders","Core",15,0.736,"St",6,0.113207547169811,5,5,0.5,7,7,0.5,130
"44","11R1PM","11","t_intruders","Core",15,0.736,"W/R",19,0.358490566037736,5,5,0.5,7,7,0.5,130
"45","11R1PM","11","t_intruders","Core",15,0.736,"A",14,0.264150943396226,5,5,0.5,7,7,0.5,130
"46","11R1PM","11","t_intruders","Core",15,0.736,"V",1,0.0188679245283019,5,5,0.5,7,7,0.5,130
"47","11R1PM","11","t_intruders","Core",15,0.736,"M",13,0.245283018867925,5,5,0.5,7,7,0.5,130
"48","11R1PM","11","t_intruders","Core",15,0.736,"D",0,0,5,5,0.5,7,7,0.5,130
"49","11R2PM","11","t_intruders","Non-core",15,0.888571428571429,"St",21,0.2625,2,8,0.2,11,4,0.733333333333333,42
"50","11R2PM","11","t_intruders","Non-core",15,0.888571428571429,"W/R",40,0.5,2,8,0.2,11,4,0.733333333333333,42
"51","11R2PM","11","t_intruders","Non-core",15,0.888571428571429,"A",6,0.075,2,8,0.2,11,4,0.733333333333333,42
"52","11R2PM","11","t_intruders","Non-core",15,0.888571428571429,"V",0,0,2,8,0.2,11,4,0.733333333333333,42
"53","11R2PM","11","t_intruders","Non-core",15,0.888571428571429,"M",13,0.1625,2,8,0.2,11,4,0.733333333333333,42
"54","11R2PM","11","t_intruders","Non-core",15,0.888571428571429,"D",0,0,2,8,0.2,11,4,0.733333333333333,42
"55","11R3AM","11","t_call","Core",10,NA,"St",0,NA,NA,NA,NA,0,8,0,NA
"56","11R3AM","11","t_call","Core",10,NA,"W/R",0,NA,NA,NA,NA,0,8,0,NA
"57","11R3AM","11","t_call","Core",10,NA,"A",0,NA,NA,NA,NA,0,8,0,NA
"58","11R3AM","11","t_call","Core",10,NA,"V",0,NA,NA,NA,NA,0,8,0,NA
"59","11R3AM","11","t_call","Core",10,NA,"M",0,NA,NA,NA,NA,0,8,0,NA
"60","11R3AM","11","t_call","Core",10,NA,"D",0,NA,NA,NA,NA,0,8,0,NA
"61","11R3AM","11","t_scents","Core",10,1.02033333333333,"St",6,0.260869565217391,3,4,0.428571428571429,7,0,1,8
"62","11R3AM","11","t_scents","Core",10,1.02033333333333,"W/R",7,0.304347826086957,3,4,0.428571428571429,7,0,1,8
"63","11R3AM","11","t_scents","Core",10,1.02033333333333,"A",0,0,3,4,0.428571428571429,7,0,1,8
"64","11R3AM","11","t_scents","Core",10,1.02033333333333,"V",0,0,3,4,0.428571428571429,7,0,1,8
"65","11R3AM","11","t_scents","Core",10,1.02033333333333,"M",10,0.434782608695652,3,4,0.428571428571429,7,0,1,8
"66","11R3AM","11","t_scents","Core",10,1.02033333333333,"D",0,0,3,4,0.428571428571429,7,0,1,8
"67","11R3PM","11","t_intruders","Core",10,0.904285714285714,"St",8,0.129032258064516,4,4,0.5,7,2,0.777777777777778,88
"68","11R3PM","11","t_intruders","Core",10,0.904285714285714,"W/R",25,0.403225806451613,4,4,0.5,7,2,0.777777777777778,88
"69","11R3PM","11","t_intruders","Core",10,0.904285714285714,"A",4,0.0645161290322581,4,4,0.5,7,2,0.777777777777778,88
"70","11R3PM","11","t_intruders","Core",10,0.904285714285714,"V",1,0.0161290322580645,4,4,0.5,7,2,0.777777777777778,88
"71","11R3PM","11","t_intruders","Core",10,0.904285714285714,"M",24,0.387096774193548,4,4,0.5,7,2,0.777777777777778,88
"72","11R3PM","11","t_intruders","Core",10,0.904285714285714,"D",0,0,4,4,0.5,7,2,0.777777777777778,88
"73","11R4AM","11","t_call","Core",12,0.721,"St",20,0.606060606060606,1,9,0.1,5,6,0.454545454545455,NA
"74","11R4AM","11","t_call","Core",12,0.721,"W/R",8,0.242424242424242,1,9,0.1,5,6,0.454545454545455,NA
"75","11R4AM","11","t_call","Core",12,0.721,"A",0,0,1,9,0.1,5,6,0.454545454545455,NA
"76","11R4AM","11","t_call","Core",12,0.721,"V",5,0.151515151515152,1,9,0.1,5,6,0.454545454545455,NA
"77","11R4AM","11","t_call","Core",12,0.721,"M",0,0,1,9,0.1,5,6,0.454545454545455,NA
"78","11R4AM","11","t_call","Core",12,0.721,"D",0,0,1,9,0.1,5,6,0.454545454545455,NA
"79","11R4AM","11","t_scents","Core",12,0.7696,"St",19,0.358490566037736,4,5,0.444444444444444,10,1,0.909090909090909,24
"80","11R4AM","11","t_scents","Core",12,0.7696,"W/R",10,0.188679245283019,4,5,0.444444444444444,10,1,0.909090909090909,24
"81","11R4AM","11","t_scents","Core",12,0.7696,"A",0,0,4,5,0.444444444444444,10,1,0.909090909090909,24
"82","11R4AM","11","t_scents","Core",12,0.7696,"V",0,0,4,5,0.444444444444444,10,1,0.909090909090909,24
"83","11R4AM","11","t_scents","Core",12,0.7696,"M",24,0.452830188679245,4,5,0.444444444444444,10,1,0.909090909090909,24
"84","11R4AM","11","t_scents","Core",12,0.7696,"D",0,0,4,5,0.444444444444444,10,1,0.909090909090909,24
"85","11R4PM","11","t_intruders","Core",12,1.09,"St",14,0.2,3,6,0.333333333333333,9,1,0.9,47
"86","11R4PM","11","t_intruders","Core",12,1.09,"W/R",31,0.442857142857143,3,6,0.333333333333333,9,1,0.9,47
"87","11R4PM","11","t_intruders","Core",12,1.09,"A",13,0.185714285714286,3,6,0.333333333333333,9,1,0.9,47
"88","11R4PM","11","t_intruders","Core",12,1.09,"V",1,0.0142857142857143,3,6,0.333333333333333,9,1,0.9,47
"89","11R4PM","11","t_intruders","Core",12,1.09,"M",11,0.157142857142857,3,6,0.333333333333333,9,1,0.9,47
"90","11R4PM","11","t_intruders","Core",12,1.09,"D",0,0,3,6,0.333333333333333,9,1,0.9,47
"91","1BC1AM","1B","c_call",NA,28,0.685,"St",16,0.615384615384615,0,8,0,8,9,0.470588235294118,NA
"92","1BC1AM","1B","c_call",NA,28,0.685,"W/R",9,0.346153846153846,0,8,0,8,9,0.470588235294118,NA
"93","1BC1AM","1B","c_call",NA,28,0.685,"A",0,0,0,8,0,8,9,0.470588235294118,NA
"94","1BC1AM","1B","c_call",NA,28,0.685,"V",1,0.0384615384615385,0,8,0,8,9,0.470588235294118,NA
"95","1BC1AM","1B","c_call",NA,28,0.685,"M",0,0,0,8,0,8,9,0.470588235294118,NA
"96","1BC1AM","1B","c_call",NA,28,0.685,"D",0,0,0,8,0,8,9,0.470588235294118,NA
"97","1BC1AM","1B","c_scents",NA,28,0.5665,"St",15,0.454545454545455,1,7,0.125,7,10,0.411764705882353,210
"98","1BC1AM","1B","c_scents",NA,28,0.5665,"W/R",14,0.424242424242424,1,7,0.125,7,10,0.411764705882353,210
"99","1BC1AM","1B","c_scents",NA,28,0.5665,"A",0,0,1,7,0.125,7,10,0.411764705882353,210
"100","1BC1AM","1B","c_scents",NA,28,0.5665,"V",0,0,1,7,0.125,7,10,0.411764705882353,210
"101","1BC1AM","1B","c_scents",NA,28,0.5665,"M",4,0.121212121212121,1,7,0.125,7,10,0.411764705882353,210
"102","1BC1AM","1B","c_scents",NA,28,0.5665,"D",0,0,1,7,0.125,7,10,0.411764705882353,210
"103","1BC1PM","1B","c_intruders",NA,28,0.306666666666667,"St",14,0.636363636363636,0,3,0,3,17,0.15,210
"104","1BC1PM","1B","c_intruders",NA,28,0.306666666666667,"W/R",8,0.363636363636364,0,3,0,3,17,0.15,210
"105","1BC1PM","1B","c_intruders",NA,28,0.306666666666667,"A",0,0,0,3,0,3,17,0.15,210
"106","1BC1PM","1B","c_intruders",NA,28,0.306666666666667,"V",0,0,0,3,0,3,17,0.15,210
"107","1BC1PM","1B","c_intruders",NA,28,0.306666666666667,"M",0,0,0,3,0,3,17,0.15,210
"108","1BC1PM","1B","c_intruders",NA,28,0.306666666666667,"D",0,0,0,3,0,3,17,0.15,210
"109","1BC2AM","1B","c_scents","Non-core",27,0.382,"St",14,0.466666666666667,0,7,0,NA,NA,NA,NA
"110","1BC2AM","1B","c_scents","Non-core",27,0.382,"W/R",15,0.5,0,7,0,NA,NA,NA,NA
"111","1BC2AM","1B","c_scents","Non-core",27,0.382,"A",0,0,0,7,0,NA,NA,NA,NA
"112","1BC2AM","1B","c_scents","Non-core",27,0.382,"V",0,0,0,7,0,NA,NA,NA,NA
"113","1BC2AM","1B","c_scents","Non-core",27,0.382,"M",1,0.0333333333333333,0,7,0,NA,NA,NA,NA
"114","1BC2AM","1B","c_scents","Non-core",27,0.382,"D",0,0,0,7,0,NA,NA,NA,NA
"115","1BC2PM","1B","c_intruders","Core",27,0.606,"St",6,0.352941176470588,0,3,0,2,6,0.25,210
"116","1BC2PM","1B","c_intruders","Core",27,0.606,"W/R",9,0.529411764705882,0,3,0,2,6,0.25,210
"117","1BC2PM","1B","c_intruders","Core",27,0.606,"A",0,0,0,3,0,2,6,0.25,210
"118","1BC2PM","1B","c_intruders","Core",27,0.606,"V",1,0.0588235294117647,0,3,0,2,6,0.25,210
"119","1BC2PM","1B","c_intruders","Core",27,0.606,"M",0,0,0,3,0,2,6,0.25,210
"120","1BC2PM","1B","c_intruders","Core",27,0.606,"D",1,0.0588235294117647,0,3,0,2,6,0.25,210
"121","1BC3AM","1B","c_call","Non-core",27,0.877,"St",6,0.4,1,6,0.142857142857143,6,20,0.230769230769231,NA
"122","1BC3AM","1B","c_call","Non-core",27,0.877,"W/R",7,0.466666666666667,1,6,0.142857142857143,6,20,0.230769230769231,NA
"123","1BC3AM","1B","c_call","Non-core",27,0.877,"A",0,0,1,6,0.142857142857143,6,20,0.230769230769231,NA
"124","1BC3AM","1B","c_call","Non-core",27,0.877,"V",0,0,1,6,0.142857142857143,6,20,0.230769230769231,NA
"125","1BC3AM","1B","c_call","Non-core",27,0.877,"M",2,0.133333333333333,1,6,0.142857142857143,6,20,0.230769230769231,NA
"126","1BC3AM","1B","c_call","Non-core",27,0.877,"D",0,0,1,6,0.142857142857143,6,20,0.230769230769231,NA
"127","1BC3AM","1B","c_scents","Non-core",27,0.76975,"St",23,0.560975609756098,0,9,0,6,20,0.230769230769231,210
"128","1BC3AM","1B","c_scents","Non-core",27,0.76975,"W/R",16,0.390243902439024,0,9,0,6,20,0.230769230769231,210
"129","1BC3AM","1B","c_scents","Non-core",27,0.76975,"A",0,0,0,9,0,6,20,0.230769230769231,210
"130","1BC3AM","1B","c_scents","Non-core",27,0.76975,"V",0,0,0,9,0,6,20,0.230769230769231,210
"131","1BC3AM","1B","c_scents","Non-core",27,0.76975,"M",2,0.0487804878048781,0,9,0,6,20,0.230769230769231,210
"132","1BC3AM","1B","c_scents","Non-core",27,0.76975,"D",0,0,0,9,0,6,20,0.230769230769231,210
"133","1BC4PM","1B","c_intruders","Core",23,0.614285714285714,"St",14,0.274509803921569,3,4,0.428571428571429,6,12,0.333333333333333,210
"134","1BC4PM","1B","c_intruders","Core",23,0.614285714285714,"W/R",14,0.274509803921569,3,4,0.428571428571429,6,12,0.333333333333333,210
"135","1BC4PM","1B","c_intruders","Core",23,0.614285714285714,"A",0,0,3,4,0.428571428571429,6,12,0.333333333333333,210
"136","1BC4PM","1B","c_intruders","Core",23,0.614285714285714,"V",0,0,3,4,0.428571428571429,6,12,0.333333333333333,210
"137","1BC4PM","1B","c_intruders","Core",23,0.614285714285714,"M",23,0.450980392156863,3,4,0.428571428571429,6,12,0.333333333333333,210
"138","1BC4PM","1B","c_intruders","Core",23,0.614285714285714,"D",0,0,3,4,0.428571428571429,6,12,0.333333333333333,210
"139","1BC5AM","1B","c_call","Non-core",20,0.6395,"St",17,0.586206896551724,0,14,0,6,13,0.315789473684211,NA
"140","1BC5AM","1B","c_call","Non-core",20,0.6395,"W/R",12,0.413793103448276,0,14,0,6,13,0.315789473684211,NA
"141","1BC5AM","1B","c_call","Non-core",20,0.6395,"A",0,0,0,14,0,6,13,0.315789473684211,NA
"142","1BC5AM","1B","c_call","Non-core",20,0.6395,"V",0,0,0,14,0,6,13,0.315789473684211,NA
"143","1BC5AM","1B","c_call","Non-core",20,0.6395,"M",0,0,0,14,0,6,13,0.315789473684211,NA
"144","1BC5AM","1B","c_call","Non-core",20,0.6395,"D",0,0,0,14,0,6,13,0.315789473684211,NA
"145","1BC5AM","1B","c_scents","Non-core",20,0.9325,"St",3,0.176470588235294,2,6,0.25,2,17,0.105263157894737,210
"146","1BC5AM","1B","c_scents","Non-core",20,0.9325,"W/R",9,0.529411764705882,2,6,0.25,2,17,0.105263157894737,210
"147","1BC5AM","1B","c_scents","Non-core",20,0.9325,"A",0,0,2,6,0.25,2,17,0.105263157894737,210
"148","1BC5AM","1B","c_scents","Non-core",20,0.9325,"V",0,0,2,6,0.25,2,17,0.105263157894737,210
"149","1BC5AM","1B","c_scents","Non-core",20,0.9325,"M",5,0.294117647058824,2,6,0.25,2,17,0.105263157894737,210
"150","1BC5AM","1B","c_scents","Non-core",20,0.9325,"D",0,0,2,6,0.25,2,17,0.105263157894737,210
"151","1BC5PM","1B","c_intruders","Non-core",20,0.768333333333333,"St",19,0.333333333333333,1,8,0.111111111111111,3,10,0.230769230769231,55
"152","1BC5PM","1B","c_intruders","Non-core",20,0.768333333333333,"W/R",28,0.491228070175439,1,8,0.111111111111111,3,10,0.230769230769231,55
"153","1BC5PM","1B","c_intruders","Non-core",20,0.768333333333333,"A",0,0,1,8,0.111111111111111,3,10,0.230769230769231,55
"154","1BC5PM","1B","c_intruders","Non-core",20,0.768333333333333,"V",0,0,1,8,0.111111111111111,3,10,0.230769230769231,55
"155","1BC5PM","1B","c_intruders","Non-core",20,0.768333333333333,"M",9,0.157894736842105,1,8,0.111111111111111,3,10,0.230769230769231,55
"156","1BC5PM","1B","c_intruders","Non-core",20,0.768333333333333,"D",1,0.0175438596491228,1,8,0.111111111111111,3,10,0.230769230769231,55
"157","1BC6AM","1B","c_call",NA,21,1.00133333333333,"St",24,0.444444444444444,4,13,0.235294117647059,13,7,0.65,NA
"158","1BC6AM","1B","c_call",NA,21,1.00133333333333,"W/R",16,0.296296296296296,4,13,0.235294117647059,13,7,0.65,NA
"159","1BC6AM","1B","c_call",NA,21,1.00133333333333,"A",0,0,4,13,0.235294117647059,13,7,0.65,NA
"160","1BC6AM","1B","c_call",NA,21,1.00133333333333,"V",0,0,4,13,0.235294117647059,13,7,0.65,NA
"161","1BC6AM","1B","c_call",NA,21,1.00133333333333,"M",14,0.259259259259259,4,13,0.235294117647059,13,7,0.65,NA
"162","1BC6AM","1B","c_call",NA,21,1.00133333333333,"D",0,0,4,13,0.235294117647059,13,7,0.65,NA
"163","1BC6AM","1B","c_scents",NA,21,0.72075,"St",17,0.53125,1,7,0.125,4,17,0.19047619047619,210
"164","1BC6AM","1B","c_scents",NA,21,0.72075,"W/R",11,0.34375,1,7,0.125,4,17,0.19047619047619,210
"165","1BC6AM","1B","c_scents",NA,21,0.72075,"A",0,0,1,7,0.125,4,17,0.19047619047619,210
"166","1BC6AM","1B","c_scents",NA,21,0.72075,"V",2,0.0625,1,7,0.125,4,17,0.19047619047619,210
"167","1BC6AM","1B","c_scents",NA,21,0.72075,"M",2,0.0625,1,7,0.125,4,17,0.19047619047619,210
"168","1BC6AM","1B","c_scents",NA,21,0.72075,"D",0,0,1,7,0.125,4,17,0.19047619047619,210
"169","1BC6PM","1B","c_intruders",NA,21,0.3125,"St",8,0.533333333333333,0,3,0,2,15,0.117647058823529,125
"170","1BC6PM","1B","c_intruders",NA,21,0.3125,"W/R",7,0.466666666666667,0,3,0,2,15,0.117647058823529,125
"171","1BC6PM","1B","c_intruders",NA,21,0.3125,"A",0,0,0,3,0,2,15,0.117647058823529,125
"172","1BC6PM","1B","c_intruders",NA,21,0.3125,"V",0,0,0,3,0,2,15,0.117647058823529,125
"173","1BC6PM","1B","c_intruders",NA,21,0.3125,"M",0,0,0,3,0,2,15,0.117647058823529,125
"174","1BC6PM","1B","c_intruders",NA,21,0.3125,"D",0,0,0,3,0,2,15,0.117647058823529,125
"175","1BR1AM","1B","t_call","Non-core",28,1.09866666666667,"St",17,0.257575757575758,7,14,0.333333333333333,0,28,0,NA
"176","1BR1AM","1B","t_call","Non-core",28,1.09866666666667,"W/R",27,0.409090909090909,7,14,0.333333333333333,0,28,0,NA
"177","1BR1AM","1B","t_call","Non-core",28,1.09866666666667,"A",0,0,7,14,0.333333333333333,0,28,0,NA
"178","1BR1AM","1B","t_call","Non-core",28,1.09866666666667,"V",21,0.318181818181818,7,14,0.333333333333333,0,28,0,NA
"179","1BR1AM","1B","t_call","Non-core",28,1.09866666666667,"M",1,0.0151515151515152,7,14,0.333333333333333,0,28,0,NA
"180","1BR1AM","1B","t_call","Non-core",28,1.09866666666667,"D",0,0,7,14,0.333333333333333,0,28,0,NA
"181","1BR1AM","1B","t_scents","Non-core",28,0.84225,"St",23,0.223300970873786,8,17,0.32,20,7,0.740740740740741,63
"182","1BR1AM","1B","t_scents","Non-core",28,0.84225,"W/R",47,0.456310679611651,8,17,0.32,20,7,0.740740740740741,63
"183","1BR1AM","1B","t_scents","Non-core",28,0.84225,"A",0,0,8,17,0.32,20,7,0.740740740740741,63
"184","1BR1AM","1B","t_scents","Non-core",28,0.84225,"V",0,0,8,17,0.32,20,7,0.740740740740741,63
"185","1BR1AM","1B","t_scents","Non-core",28,0.84225,"M",33,0.320388349514563,8,17,0.32,20,7,0.740740740740741,63
"186","1BR1AM","1B","t_scents","Non-core",28,0.84225,"D",0,0,8,17,0.32,20,7,0.740740740740741,63
"187","1BR1PM","1B","t_intruders","Non-core",28,0.928571428571429,"St",51,0.28021978021978,6,19,0.24,12,16,0.428571428571429,25
"188","1BR1PM","1B","t_intruders","Non-core",28,0.928571428571429,"W/R",86,0.472527472527473,6,19,0.24,12,16,0.428571428571429,25
"189","1BR1PM","1B","t_intruders","Non-core",28,0.928571428571429,"A",3,0.0164835164835165,6,19,0.24,12,16,0.428571428571429,25
"190","1BR1PM","1B","t_intruders","Non-core",28,0.928571428571429,"V",0,0,6,19,0.24,12,16,0.428571428571429,25
"191","1BR1PM","1B","t_intruders","Non-core",28,0.928571428571429,"M",42,0.230769230769231,6,19,0.24,12,16,0.428571428571429,25
"192","1BR1PM","1B","t_intruders","Non-core",28,0.928571428571429,"D",0,0,6,19,0.24,12,16,0.428571428571429,25
"193","1BR2AM","1B","t_call","Non-core",22,0.62075,"St",13,0.125,4,22,0.153846153846154,12,14,0.461538461538462,NA
"194","1BR2AM","1B","t_call","Non-core",22,0.62075,"W/R",75,0.721153846153846,4,22,0.153846153846154,12,14,0.461538461538462,NA
"195","1BR2AM","1B","t_call","Non-core",22,0.62075,"A",0,0,4,22,0.153846153846154,12,14,0.461538461538462,NA
"196","1BR2AM","1B","t_call","Non-core",22,0.62075,"V",12,0.115384615384615,4,22,0.153846153846154,12,14,0.461538461538462,NA
"197","1BR2AM","1B","t_call","Non-core",22,0.62075,"M",4,0.0384615384615385,4,22,0.153846153846154,12,14,0.461538461538462,NA
"198","1BR2AM","1B","t_call","Non-core",22,0.62075,"D",0,0,4,22,0.153846153846154,12,14,0.461538461538462,NA
"199","1BR2AM","1B","t_scents","Non-core",22,0.854666666666667,"St",20,0.263157894736842,12,13,0.48,16,9,0.64,43
"200","1BR2AM","1B","t_scents","Non-core",22,0.854666666666667,"W/R",20,0.263157894736842,12,13,0.48,16,9,0.64,43
"201","1BR2AM","1B","t_scents","Non-core",22,0.854666666666667,"A",0,0,12,13,0.48,16,9,0.64,43
"202","1BR2AM","1B","t_scents","Non-core",22,0.854666666666667,"V",4,0.0526315789473684,12,13,0.48,16,9,0.64,43
"203","1BR2AM","1B","t_scents","Non-core",22,0.854666666666667,"M",32,0.421052631578947,12,13,0.48,16,9,0.64,43
"204","1BR2AM","1B","t_scents","Non-core",22,0.854666666666667,"D",0,0,12,13,0.48,16,9,0.64,43
"205","1BR2PM","1B","t_intruders",NA,22,1.07142857142857,"St",15,0.118110236220472,10,8,0.555555555555556,6,16,0.272727272727273,51
"206","1BR2PM","1B","t_intruders",NA,22,1.07142857142857,"W/R",42,0.330708661417323,10,8,0.555555555555556,6,16,0.272727272727273,51
"207","1BR2PM","1B","t_intruders",NA,22,1.07142857142857,"A",25,0.196850393700787,10,8,0.555555555555556,6,16,0.272727272727273,51
"208","1BR2PM","1B","t_intruders",NA,22,1.07142857142857,"V",1,0.0078740157480315,10,8,0.555555555555556,6,16,0.272727272727273,51
"209","1BR2PM","1B","t_intruders",NA,22,1.07142857142857,"M",44,0.346456692913386,10,8,0.555555555555556,6,16,0.272727272727273,51
"210","1BR2PM","1B","t_intruders",NA,22,1.07142857142857,"D",0,0,10,8,0.555555555555556,6,16,0.272727272727273,51
"211","1BR3PM","1B","t_intruders","Core",26,0.855714285714286,"St",3,0.0260869565217391,11,4,0.733333333333333,13,8,0.619047619047619,118
"212","1BR3PM","1B","t_intruders","Core",26,0.855714285714286,"W/R",30,0.260869565217391,11,4,0.733333333333333,13,8,0.619047619047619,118
"213","1BR3PM","1B","t_intruders","Core",26,0.855714285714286,"A",33,0.28695652173913,11,4,0.733333333333333,13,8,0.619047619047619,118
"214","1BR3PM","1B","t_intruders","Core",26,0.855714285714286,"V",0,0,11,4,0.733333333333333,13,8,0.619047619047619,118
"215","1BR3PM","1B","t_intruders","Core",26,0.855714285714286,"M",49,0.426086956521739,11,4,0.733333333333333,13,8,0.619047619047619,118
"216","1BR3PM","1B","t_intruders","Core",26,0.855714285714286,"D",0,0,11,4,0.733333333333333,13,8,0.619047619047619,118
"217","1BR4PM","1B","t_intruders","Core",25,0.86,"St",3,0.0202702702702703,17,3,0.85,15,8,0.652173913043478,152
"218","1BR4PM","1B","t_intruders","Core",25,0.86,"W/R",22,0.148648648648649,17,3,0.85,15,8,0.652173913043478,152
"219","1BR4PM","1B","t_intruders","Core",25,0.86,"A",78,0.527027027027027,17,3,0.85,15,8,0.652173913043478,152
"220","1BR4PM","1B","t_intruders","Core",25,0.86,"V",0,0,17,3,0.85,15,8,0.652173913043478,152
"221","1BR4PM","1B","t_intruders","Core",25,0.86,"M",45,0.304054054054054,17,3,0.85,15,8,0.652173913043478,152
"222","1BR4PM","1B","t_intruders","Core",25,0.86,"D",0,0,17,3,0.85,15,8,0.652173913043478,152
"223","1BR5AM","1B","t_call","Core",22,0.790666666666667,"St",10,0.166666666666667,8,11,0.421052631578947,4,16,0.2,NA
"224","1BR5AM","1B","t_call","Core",22,0.790666666666667,"W/R",24,0.4,8,11,0.421052631578947,4,16,0.2,NA
"225","1BR5AM","1B","t_call","Core",22,0.790666666666667,"A",0,0,8,11,0.421052631578947,4,16,0.2,NA
"226","1BR5AM","1B","t_call","Core",22,0.790666666666667,"V",0,0,8,11,0.421052631578947,4,16,0.2,NA
"227","1BR5AM","1B","t_call","Core",22,0.790666666666667,"M",26,0.433333333333333,8,11,0.421052631578947,4,16,0.2,NA
"228","1BR5AM","1B","t_call","Core",22,0.790666666666667,"D",0,0,8,11,0.421052631578947,4,16,0.2,NA
"229","1BR5AM","1B","t_scents","Core",22,0.618857142857143,"St",45,0.511363636363636,4,8,0.333333333333333,9,11,0.45,210
"230","1BR5AM","1B","t_scents","Core",22,0.618857142857143,"W/R",15,0.170454545454545,4,8,0.333333333333333,9,11,0.45,210
"231","1BR5AM","1B","t_scents","Core",22,0.618857142857143,"A",0,0,4,8,0.333333333333333,9,11,0.45,210
"232","1BR5AM","1B","t_scents","Core",22,0.618857142857143,"V",0,0,4,8,0.333333333333333,9,11,0.45,210
"233","1BR5AM","1B","t_scents","Core",22,0.618857142857143,"M",28,0.318181818181818,4,8,0.333333333333333,9,11,0.45,210
"234","1BR5AM","1B","t_scents","Core",22,0.618857142857143,"D",0,0,4,8,0.333333333333333,9,11,0.45,210
"235","1BR5PM","1B","t_intruders","Non-core",22,0.83,"St",12,0.100840336134454,9,7,0.5625,16,4,0.8,28
"236","1BR5PM","1B","t_intruders","Non-core",22,0.83,"W/R",39,0.327731092436975,9,7,0.5625,16,4,0.8,28
"237","1BR5PM","1B","t_intruders","Non-core",22,0.83,"A",31,0.260504201680672,9,7,0.5625,16,4,0.8,28
"238","1BR5PM","1B","t_intruders","Non-core",22,0.83,"V",0,0,9,7,0.5625,16,4,0.8,28
"239","1BR5PM","1B","t_intruders","Non-core",22,0.83,"M",37,0.310924369747899,9,7,0.5625,16,4,0.8,28
"240","1BR5PM","1B","t_intruders","Non-core",22,0.83,"D",0,0,9,7,0.5625,16,4,0.8,28
"241","1BR6AM","1B","t_call","Core",23,0.6755,"St",20,0.28169014084507,0,17,0,5,14,0.263157894736842,NA
"242","1BR6AM","1B","t_call","Core",23,0.6755,"W/R",48,0.676056338028169,0,17,0,5,14,0.263157894736842,NA
"243","1BR6AM","1B","t_call","Core",23,0.6755,"A",0,0,0,17,0,5,14,0.263157894736842,NA
"244","1BR6AM","1B","t_call","Core",23,0.6755,"V",2,0.028169014084507,0,17,0,5,14,0.263157894736842,NA
"245","1BR6AM","1B","t_call","Core",23,0.6755,"M",1,0.0140845070422535,0,17,0,5,14,0.263157894736842,NA
"246","1BR6AM","1B","t_call","Core",23,0.6755,"D",0,0,0,17,0,5,14,0.263157894736842,NA
"247","1BR6AM","1B","t_scents","Core",23,0.743333333333333,"St",11,0.186440677966102,10,9,0.526315789473684,17,3,0.85,210
"248","1BR6AM","1B","t_scents","Core",23,0.743333333333333,"W/R",18,0.305084745762712,10,9,0.526315789473684,17,3,0.85,210
"249","1BR6AM","1B","t_scents","Core",23,0.743333333333333,"A",0,0,10,9,0.526315789473684,17,3,0.85,210
"250","1BR6AM","1B","t_scents","Core",23,0.743333333333333,"V",1,0.0169491525423729,10,9,0.526315789473684,17,3,0.85,210
"251","1BR6AM","1B","t_scents","Core",23,0.743333333333333,"M",29,0.491525423728814,10,9,0.526315789473684,17,3,0.85,210
"252","1BR6AM","1B","t_scents","Core",23,0.743333333333333,"D",0,0,10,9,0.526315789473684,17,3,0.85,210
"253","1BR6PM","1B","t_intruders","Core",23,1.06857142857143,"St",13,0.117117117117117,9,6,0.6,14,7,0.666666666666667,210
"254","1BR6PM","1B","t_intruders","Core",23,1.06857142857143,"W/R",31,0.279279279279279,9,6,0.6,14,7,0.666666666666667,210
"255","1BR6PM","1B","t_intruders","Core",23,1.06857142857143,"A",17,0.153153153153153,9,6,0.6,14,7,0.666666666666667,210
"256","1BR6PM","1B","t_intruders","Core",23,1.06857142857143,"V",0,0,9,6,0.6,14,7,0.666666666666667,210
"257","1BR6PM","1B","t_intruders","Core",23,1.06857142857143,"M",50,0.45045045045045,9,6,0.6,14,7,0.666666666666667,210
"258","1BR6PM","1B","t_intruders","Core",23,1.06857142857143,"D",0,0,9,6,0.6,14,7,0.666666666666667,210
"259","1HC1AM","1H",NA,"Non-core",25,0.888142857142857,"St",34,0.377777777777778,5,7,0.416666666666667,13,11,0.541666666666667,210
"260","1HC1AM","1H",NA,"Non-core",25,0.888142857142857,"W/R",17,0.188888888888889,5,7,0.416666666666667,13,11,0.541666666666667,210
"261","1HC1AM","1H",NA,"Non-core",25,0.888142857142857,"A",0,0,5,7,0.416666666666667,13,11,0.541666666666667,210
"262","1HC1AM","1H",NA,"Non-core",25,0.888142857142857,"V",0,0,5,7,0.416666666666667,13,11,0.541666666666667,210
"263","1HC1AM","1H",NA,"Non-core",25,0.888142857142857,"M",39,0.433333333333333,5,7,0.416666666666667,13,11,0.541666666666667,210
"264","1HC1AM","1H",NA,"Non-core",25,0.888142857142857,"D",0,0,5,7,0.416666666666667,13,11,0.541666666666667,210
"265","1HC1PM","1H","c_intruders","Non-core",25,0.622857142857143,"St",14,0.304347826086957,0,6,0,6,14,0.3,210
"266","1HC1PM","1H","c_intruders","Non-core",25,0.622857142857143,"W/R",28,0.608695652173913,0,6,0,6,14,0.3,210
"267","1HC1PM","1H","c_intruders","Non-core",25,0.622857142857143,"A",0,0,0,6,0,6,14,0.3,210
"268","1HC1PM","1H","c_intruders","Non-core",25,0.622857142857143,"V",0,0,0,6,0,6,14,0.3,210
"269","1HC1PM","1H","c_intruders","Non-core",25,0.622857142857143,"M",0,0,0,6,0,6,14,0.3,210
"270","1HC1PM","1H","c_intruders","Non-core",25,0.622857142857143,"D",4,0.0869565217391304,0,6,0,6,14,0.3,210
"271","1HC2PM","1H","c_intruders","Non-core",25,0.784285714285714,"St",58,0.591836734693878,1,12,0.0769230769230769,12,8,0.6,210
"272","1HC2PM","1H","c_intruders","Non-core",25,0.784285714285714,"W/R",25,0.255102040816327,1,12,0.0769230769230769,12,8,0.6,210
"273","1HC2PM","1H","c_intruders","Non-core",25,0.784285714285714,"A",0,0,1,12,0.0769230769230769,12,8,0.6,210
"274","1HC2PM","1H","c_intruders","Non-core",25,0.784285714285714,"V",1,0.0102040816326531,1,12,0.0769230769230769,12,8,0.6,210
"275","1HC2PM","1H","c_intruders","Non-core",25,0.784285714285714,"M",11,0.112244897959184,1,12,0.0769230769230769,12,8,0.6,210
"276","1HC2PM","1H","c_intruders","Non-core",25,0.784285714285714,"D",3,0.0306122448979592,1,12,0.0769230769230769,12,8,0.6,210
"277","1HC3AM","1H",NA,"Non-core",25,0.465571428571429,"St",13,0.464285714285714,0,3,0,NA,NA,NA,NA
"278","1HC3AM","1H",NA,"Non-core",25,0.465571428571429,"W/R",10,0.357142857142857,0,3,0,NA,NA,NA,NA
"279","1HC3AM","1H",NA,"Non-core",25,0.465571428571429,"A",0,0,0,3,0,NA,NA,NA,NA
"280","1HC3AM","1H",NA,"Non-core",25,0.465571428571429,"V",0,0,0,3,0,NA,NA,NA,NA
"281","1HC3AM","1H",NA,"Non-core",25,0.465571428571429,"M",5,0.178571428571429,0,3,0,NA,NA,NA,NA
"282","1HC3AM","1H",NA,"Non-core",25,0.465571428571429,"D",0,0,0,3,0,NA,NA,NA,NA
"283","1HC3PM","1H","c_intruders","Core",25,0.758571428571429,"St",38,0.558823529411765,0,9,0,9,10,0.473684210526316,210
"284","1HC3PM","1H","c_intruders","Core",25,0.758571428571429,"W/R",20,0.294117647058824,0,9,0,9,10,0.473684210526316,210
"285","1HC3PM","1H","c_intruders","Core",25,0.758571428571429,"A",0,0,0,9,0,9,10,0.473684210526316,210
"286","1HC3PM","1H","c_intruders","Core",25,0.758571428571429,"V",0,0,0,9,0,9,10,0.473684210526316,210
"287","1HC3PM","1H","c_intruders","Core",25,0.758571428571429,"M",5,0.0735294117647059,0,9,0,9,10,0.473684210526316,210
"288","1HC3PM","1H","c_intruders","Core",25,0.758571428571429,"D",5,0.0735294117647059,0,9,0,9,10,0.473684210526316,210
"289","1HC4AM","1H",NA,"Non-core",27,0.2995,"St",30,0.697674418604651,2,8,0.2,6,17,0.260869565217391,210
"290","1HC4AM","1H",NA,"Non-core",27,0.2995,"W/R",2,0.0465116279069767,2,8,0.2,6,17,0.260869565217391,210
"291","1HC4AM","1H",NA,"Non-core",27,0.2995,"A",0,0,2,8,0.2,6,17,0.260869565217391,210
"292","1HC4AM","1H",NA,"Non-core",27,0.2995,"V",0,0,2,8,0.2,6,17,0.260869565217391,210
"293","1HC4AM","1H",NA,"Non-core",27,0.2995,"M",11,0.255813953488372,2,8,0.2,6,17,0.260869565217391,210
"294","1HC4AM","1H",NA,"Non-core",27,0.2995,"D",0,0,2,8,0.2,6,17,0.260869565217391,210
"295","1HC4PM","1H","c_intruders","Non-core",27,0.43,"St",14,0.297872340425532,0,11,0,3,17,0.15,210
"296","1HC4PM","1H","c_intruders","Non-core",27,0.43,"W/R",32,0.680851063829787,0,11,0,3,17,0.15,210
"297","1HC4PM","1H","c_intruders","Non-core",27,0.43,"A",0,0,0,11,0,3,17,0.15,210
"298","1HC4PM","1H","c_intruders","Non-core",27,0.43,"V",1,0.0212765957446809,0,11,0,3,17,0.15,210
"299","1HC4PM","1H","c_intruders","Non-core",27,0.43,"M",0,0,0,11,0,3,17,0.15,210
"300","1HC4PM","1H","c_intruders","Non-core",27,0.43,"D",0,0,0,11,0,3,17,0.15,210
"301","1HC5AM","1H",NA,"Core",26,0.532571428571429,"St",55,0.733333333333333,1,9,0.1,10,10,0.5,210
"302","1HC5AM","1H",NA,"Core",26,0.532571428571429,"W/R",10,0.133333333333333,1,9,0.1,10,10,0.5,210
"303","1HC5AM","1H",NA,"Core",26,0.532571428571429,"A",0,0,1,9,0.1,10,10,0.5,210
"304","1HC5AM","1H",NA,"Core",26,0.532571428571429,"V",0,0,1,9,0.1,10,10,0.5,210
"305","1HC5AM","1H",NA,"Core",26,0.532571428571429,"M",10,0.133333333333333,1,9,0.1,10,10,0.5,210
"306","1HC5AM","1H",NA,"Core",26,0.532571428571429,"D",0,0,1,9,0.1,10,10,0.5,210
"307","1HC5PM","1H","c_intruders","Core",26,0.411428571428571,"St",25,0.480769230769231,0,7,0,5,16,0.238095238095238,210
"308","1HC5PM","1H","c_intruders","Core",26,0.411428571428571,"W/R",27,0.519230769230769,0,7,0,5,16,0.238095238095238,210
"309","1HC5PM","1H","c_intruders","Core",26,0.411428571428571,"A",0,0,0,7,0,5,16,0.238095238095238,210
"310","1HC5PM","1H","c_intruders","Core",26,0.411428571428571,"V",0,0,0,7,0,5,16,0.238095238095238,210
"311","1HC5PM","1H","c_intruders","Core",26,0.411428571428571,"M",0,0,0,7,0,5,16,0.238095238095238,210
"312","1HC5PM","1H","c_intruders","Core",26,0.411428571428571,"D",0,0,0,7,0,5,16,0.238095238095238,210
"313","1HC6AM","1H",NA,"Non-core",29,0.827857142857143,"St",77,0.490445859872611,2,20,0.0909090909090909,11,12,0.478260869565217,74
"314","1HC6AM","1H",NA,"Non-core",29,0.827857142857143,"W/R",65,0.414012738853503,2,20,0.0909090909090909,11,12,0.478260869565217,74
"315","1HC6AM","1H",NA,"Non-core",29,0.827857142857143,"A",0,0,2,20,0.0909090909090909,11,12,0.478260869565217,74
"316","1HC6AM","1H",NA,"Non-core",29,0.827857142857143,"V",0,0,2,20,0.0909090909090909,11,12,0.478260869565217,74
"317","1HC6AM","1H",NA,"Non-core",29,0.827857142857143,"M",15,0.0955414012738854,2,20,0.0909090909090909,11,12,0.478260869565217,74
"318","1HC6AM","1H",NA,"Non-core",29,0.827857142857143,"D",0,0,2,20,0.0909090909090909,11,12,0.478260869565217,74
"319","1HC6PM","1H","c_intruders","Non-core",29,0.842,"St",17,0.314814814814815,2,8,0.2,4,14,0.222222222222222,210
"320","1HC6PM","1H","c_intruders","Non-core",29,0.842,"W/R",26,0.481481481481481,2,8,0.2,4,14,0.222222222222222,210
"321","1HC6PM","1H","c_intruders","Non-core",29,0.842,"A",0,0,2,8,0.2,4,14,0.222222222222222,210
"322","1HC6PM","1H","c_intruders","Non-core",29,0.842,"V",0,0,2,8,0.2,4,14,0.222222222222222,210
"323","1HC6PM","1H","c_intruders","Non-core",29,0.842,"M",11,0.203703703703704,2,8,0.2,4,14,0.222222222222222,210
"324","1HC6PM","1H","c_intruders","Non-core",29,0.842,"D",0,0,2,8,0.2,4,14,0.222222222222222,210
"325","1HR1AM","1H","t_call","Non-core",25,0.7035,"St",11,0.215686274509804,4,8,0.333333333333333,8,15,0.347826086956522,NA
"326","1HR1AM","1H","t_call","Non-core",25,0.7035,"W/R",23,0.450980392156863,4,8,0.333333333333333,8,15,0.347826086956522,NA
"327","1HR1AM","1H","t_call","Non-core",25,0.7035,"A",0,0,4,8,0.333333333333333,8,15,0.347826086956522,NA
"328","1HR1AM","1H","t_call","Non-core",25,0.7035,"V",6,0.117647058823529,4,8,0.333333333333333,8,15,0.347826086956522,NA
"329","1HR1AM","1H","t_call","Non-core",25,0.7035,"M",11,0.215686274509804,4,8,0.333333333333333,8,15,0.347826086956522,NA
"330","1HR1AM","1H","t_call","Non-core",25,0.7035,"D",0,0,4,8,0.333333333333333,8,15,0.347826086956522,NA
"331","1HR1AM","1H","t_scents","Non-core",25,0.925,"St",15,0.211267605633803,14,9,0.608695652173913,23,0,1,23
"332","1HR1AM","1H","t_scents","Non-core",25,0.925,"W/R",14,0.197183098591549,14,9,0.608695652173913,23,0,1,23
"333","1HR1AM","1H","t_scents","Non-core",25,0.925,"A",0,0,14,9,0.608695652173913,23,0,1,23
"334","1HR1AM","1H","t_scents","Non-core",25,0.925,"V",1,0.0140845070422535,14,9,0.608695652173913,23,0,1,23
"335","1HR1AM","1H","t_scents","Non-core",25,0.925,"M",41,0.577464788732394,14,9,0.608695652173913,23,0,1,23
"336","1HR1AM","1H","t_scents","Non-core",25,0.925,"D",0,0,14,9,0.608695652173913,23,0,1,23
"337","1HR1PM","1H","t_intruders","Non-core",25,1.09285714285714,"St",22,0.150684931506849,13,7,0.65,20,3,0.869565217391304,210
"338","1HR1PM","1H","t_intruders","Non-core",25,1.09285714285714,"W/R",28,0.191780821917808,13,7,0.65,20,3,0.869565217391304,210
"339","1HR1PM","1H","t_intruders","Non-core",25,1.09285714285714,"A",18,0.123287671232877,13,7,0.65,20,3,0.869565217391304,210
"340","1HR1PM","1H","t_intruders","Non-core",25,1.09285714285714,"V",2,0.0136986301369863,13,7,0.65,20,3,0.869565217391304,210
"341","1HR1PM","1H","t_intruders","Non-core",25,1.09285714285714,"M",76,0.520547945205479,13,7,0.65,20,3,0.869565217391304,210
"342","1HR1PM","1H","t_intruders","Non-core",25,1.09285714285714,"D",0,0,13,7,0.65,20,3,0.869565217391304,210
"343","1HR3AM","1H","t_call","Core",24,0.694333333333333,"St",17,0.5,2,8,0.2,8,15,0.347826086956522,NA
"344","1HR3AM","1H","t_call","Core",24,0.694333333333333,"W/R",9,0.264705882352941,2,8,0.2,8,15,0.347826086956522,NA
"345","1HR3AM","1H","t_call","Core",24,0.694333333333333,"A",0,0,2,8,0.2,8,15,0.347826086956522,NA
"346","1HR3AM","1H","t_call","Core",24,0.694333333333333,"V",0,0,2,8,0.2,8,15,0.347826086956522,NA
"347","1HR3AM","1H","t_call","Core",24,0.694333333333333,"M",8,0.235294117647059,2,8,0.2,8,15,0.347826086956522,NA
"348","1HR3AM","1H","t_call","Core",24,0.694333333333333,"D",0,0,2,8,0.2,8,15,0.347826086956522,NA
"349","1HR3AM","1H","t_scents","Core",24,0.608666666666667,"St",21,0.338709677419355,10,10,0.5,17,6,0.739130434782609,210
"350","1HR3AM","1H","t_scents","Core",24,0.608666666666667,"W/R",10,0.161290322580645,10,10,0.5,17,6,0.739130434782609,210
"351","1HR3AM","1H","t_scents","Core",24,0.608666666666667,"A",0,0,10,10,0.5,17,6,0.739130434782609,210
"352","1HR3AM","1H","t_scents","Core",24,0.608666666666667,"V",0,0,10,10,0.5,17,6,0.739130434782609,210
"353","1HR3AM","1H","t_scents","Core",24,0.608666666666667,"M",31,0.5,10,10,0.5,17,6,0.739130434782609,210
"354","1HR3AM","1H","t_scents","Core",24,0.608666666666667,"D",0,0,10,10,0.5,17,6,0.739130434782609,210
"355","1HR3PM","1H","t_intruders","Core",24,0.898571428571429,"St",14,0.0833333333333333,11,12,0.478260869565217,19,5,0.791666666666667,210
"356","1HR3PM","1H","t_intruders","Core",24,0.898571428571429,"W/R",71,0.422619047619048,11,12,0.478260869565217,19,5,0.791666666666667,210
"357","1HR3PM","1H","t_intruders","Core",24,0.898571428571429,"A",9,0.0535714285714286,11,12,0.478260869565217,19,5,0.791666666666667,210
"358","1HR3PM","1H","t_intruders","Core",24,0.898571428571429,"V",0,0,11,12,0.478260869565217,19,5,0.791666666666667,210
"359","1HR3PM","1H","t_intruders","Core",24,0.898571428571429,"M",74,0.44047619047619,11,12,0.478260869565217,19,5,0.791666666666667,210
"360","1HR3PM","1H","t_intruders","Core",24,0.898571428571429,"D",0,0,11,12,0.478260869565217,19,5,0.791666666666667,210
"361","1HR4AM","1H","t_call","Non-core",28,0.811666666666667,"St",41,0.602941176470588,7,15,0.318181818181818,11,17,0.392857142857143,NA
"362","1HR4AM","1H","t_call","Non-core",28,0.811666666666667,"W/R",4,0.0588235294117647,7,15,0.318181818181818,11,17,0.392857142857143,NA
"363","1HR4AM","1H","t_call","Non-core",28,0.811666666666667,"A",0,0,7,15,0.318181818181818,11,17,0.392857142857143,NA
"364","1HR4AM","1H","t_call","Non-core",28,0.811666666666667,"V",19,0.279411764705882,7,15,0.318181818181818,11,17,0.392857142857143,NA
"365","1HR4AM","1H","t_call","Non-core",28,0.811666666666667,"M",4,0.0588235294117647,7,15,0.318181818181818,11,17,0.392857142857143,NA
"366","1HR4AM","1H","t_call","Non-core",28,0.811666666666667,"D",0,0,7,15,0.318181818181818,11,17,0.392857142857143,NA
"367","1HR4AM","1H","t_scents","Non-core",28,0.8915,"St",18,0.15929203539823,11,7,0.611111111111111,14,13,0.518518518518518,68
"368","1HR4AM","1H","t_scents","Non-core",28,0.8915,"W/R",26,0.230088495575221,11,7,0.611111111111111,14,13,0.518518518518518,68
"369","1HR4AM","1H","t_scents","Non-core",28,0.8915,"A",0,0,11,7,0.611111111111111,14,13,0.518518518518518,68
"370","1HR4AM","1H","t_scents","Non-core",28,0.8915,"V",6,0.0530973451327434,11,7,0.611111111111111,14,13,0.518518518518518,68
"371","1HR4AM","1H","t_scents","Non-core",28,0.8915,"M",63,0.557522123893805,11,7,0.611111111111111,14,13,0.518518518518518,68
"372","1HR4AM","1H","t_scents","Non-core",28,0.8915,"D",0,0,11,7,0.611111111111111,14,13,0.518518518518518,68
"373","1HR4PM","1H","t_intruders","Non-core",28,1.02714285714286,"St",14,0.111111111111111,14,4,0.777777777777778,13,14,0.481481481481481,210
"374","1HR4PM","1H","t_intruders","Non-core",28,1.02714285714286,"W/R",14,0.111111111111111,14,4,0.777777777777778,13,14,0.481481481481481,210
"375","1HR4PM","1H","t_intruders","Non-core",28,1.02714285714286,"A",48,0.380952380952381,14,4,0.777777777777778,13,14,0.481481481481481,210
"376","1HR4PM","1H","t_intruders","Non-core",28,1.02714285714286,"V",3,0.0238095238095238,14,4,0.777777777777778,13,14,0.481481481481481,210
"377","1HR4PM","1H","t_intruders","Non-core",28,1.02714285714286,"M",47,0.373015873015873,14,4,0.777777777777778,13,14,0.481481481481481,210
"378","1HR4PM","1H","t_intruders","Non-core",28,1.02714285714286,"D",0,0,14,4,0.777777777777778,13,14,0.481481481481481,210
"379","1HR5AM","1H","t_call","Core",24,0,"St",0,0,0,2,0,0,24,0,NA
"380","1HR5AM","1H","t_call","Core",24,0,"W/R",4,1,0,2,0,0,24,0,NA
"381","1HR5AM","1H","t_call","Core",24,0,"A",0,0,0,2,0,0,24,0,NA
"382","1HR5AM","1H","t_call","Core",24,0,"V",0,0,0,2,0,0,24,0,NA
"383","1HR5AM","1H","t_call","Core",24,0,"M",0,0,0,2,0,0,24,0,NA
"384","1HR5AM","1H","t_call","Core",24,0,"D",0,0,0,2,0,0,24,0,NA
"385","1HR5AM","1H","t_scents","Core",24,0.90575,"St",17,0.361702127659574,3,8,0.272727272727273,8,16,0.333333333333333,210
"386","1HR5AM","1H","t_scents","Core",24,0.90575,"W/R",18,0.382978723404255,3,8,0.272727272727273,8,16,0.333333333333333,210
"387","1HR5AM","1H","t_scents","Core",24,0.90575,"A",0,0,3,8,0.272727272727273,8,16,0.333333333333333,210
"388","1HR5AM","1H","t_scents","Core",24,0.90575,"V",0,0,3,8,0.272727272727273,8,16,0.333333333333333,210
"389","1HR5AM","1H","t_scents","Core",24,0.90575,"M",12,0.25531914893617,3,8,0.272727272727273,8,16,0.333333333333333,210
"390","1HR5AM","1H","t_scents","Core",24,0.90575,"D",0,0,3,8,0.272727272727273,8,16,0.333333333333333,210
"391","1HR5PM","1H","t_intruders","Non-core",24,0.964285714285714,"St",9,0.0676691729323308,12,6,0.666666666666667,13,10,0.565217391304348,28
"392","1HR5PM","1H","t_intruders","Non-core",24,0.964285714285714,"W/R",37,0.278195488721804,12,6,0.666666666666667,13,10,0.565217391304348,28
"393","1HR5PM","1H","t_intruders","Non-core",24,0.964285714285714,"A",16,0.120300751879699,12,6,0.666666666666667,13,10,0.565217391304348,28
"394","1HR5PM","1H","t_intruders","Non-core",24,0.964285714285714,"V",5,0.037593984962406,12,6,0.666666666666667,13,10,0.565217391304348,28
"395","1HR5PM","1H","t_intruders","Non-core",24,0.964285714285714,"M",66,0.496240601503759,12,6,0.666666666666667,13,10,0.565217391304348,28
"396","1HR5PM","1H","t_intruders","Non-core",24,0.964285714285714,"D",0,0,12,6,0.666666666666667,13,10,0.565217391304348,28
"397","1HR6AM","1H","t_call","Non-core",25,0.8475,"St",7,0.4375,1,6,0.142857142857143,3,9,0.25,NA
"398","1HR6AM","1H","t_call","Non-core",25,0.8475,"W/R",6,0.375,1,6,0.142857142857143,3,9,0.25,NA
"399","1HR6AM","1H","t_call","Non-core",25,0.8475,"A",0,0,1,6,0.142857142857143,3,9,0.25,NA
"400","1HR6AM","1H","t_call","Non-core",25,0.8475,"V",0,0,1,6,0.142857142857143,3,9,0.25,NA
"401","1HR6AM","1H","t_call","Non-core",25,0.8475,"M",3,0.1875,1,6,0.142857142857143,3,9,0.25,NA
"402","1HR6AM","1H","t_call","Non-core",25,0.8475,"D",0,0,1,6,0.142857142857143,3,9,0.25,NA
"403","1HR6AM","1H","t_scents","Non-core",25,0.844666666666667,"St",6,0.153846153846154,8,5,0.615384615384615,11,1,0.916666666666667,210
"404","1HR6AM","1H","t_scents","Non-core",25,0.844666666666667,"W/R",9,0.230769230769231,8,5,0.615384615384615,11,1,0.916666666666667,210
"405","1HR6AM","1H","t_scents","Non-core",25,0.844666666666667,"A",0,0,8,5,0.615384615384615,11,1,0.916666666666667,210
"406","1HR6AM","1H","t_scents","Non-core",25,0.844666666666667,"V",0,0,8,5,0.615384615384615,11,1,0.916666666666667,210
"407","1HR6AM","1H","t_scents","Non-core",25,0.844666666666667,"M",24,0.615384615384615,8,5,0.615384615384615,11,1,0.916666666666667,210
"408","1HR6AM","1H","t_scents","Non-core",25,0.844666666666667,"D",0,0,8,5,0.615384615384615,11,1,0.916666666666667,210
"409","26C1AM","26","c_call","Non-core",13,0.231,"St",3,0.6,0,1,0,2,9,0.181818181818182,NA
"410","26C1AM","26","c_call","Non-core",13,0.231,"W/R",1,0.2,0,1,0,2,9,0.181818181818182,NA
"411","26C1AM","26","c_call","Non-core",13,0.231,"A",0,0,0,1,0,2,9,0.181818181818182,NA
"412","26C1AM","26","c_call","Non-core",13,0.231,"V",1,0.2,0,1,0,2,9,0.181818181818182,NA
"413","26C1AM","26","c_call","Non-core",13,0.231,"M",0,0,0,1,0,2,9,0.181818181818182,NA
"414","26C1AM","26","c_call","Non-core",13,0.231,"D",0,0,0,1,0,2,9,0.181818181818182,NA
"415","26C1AM","26","c_scents","Non-core",13,0.64325,"St",10,0.37037037037037,1,5,0.166666666666667,8,2,0.8,13
"416","26C1AM","26","c_scents","Non-core",13,0.64325,"W/R",11,0.407407407407407,1,5,0.166666666666667,8,2,0.8,13
"417","26C1AM","26","c_scents","Non-core",13,0.64325,"A",0,0,1,5,0.166666666666667,8,2,0.8,13
"418","26C1AM","26","c_scents","Non-core",13,0.64325,"V",0,0,1,5,0.166666666666667,8,2,0.8,13
"419","26C1AM","26","c_scents","Non-core",13,0.64325,"M",6,0.222222222222222,1,5,0.166666666666667,8,2,0.8,13
"420","26C1AM","26","c_scents","Non-core",13,0.64325,"D",0,0,1,5,0.166666666666667,8,2,0.8,13
"421","26C1PM","26","c_intruders","Core",13,0.1725,"St",2,0.285714285714286,0,1,0,1,7,0.125,210
"422","26C1PM","26","c_intruders","Core",13,0.1725,"W/R",4,0.571428571428571,0,1,0,1,7,0.125,210
"423","26C1PM","26","c_intruders","Core",13,0.1725,"A",0,0,0,1,0,1,7,0.125,210
"424","26C1PM","26","c_intruders","Core",13,0.1725,"V",1,0.142857142857143,0,1,0,1,7,0.125,210
"425","26C1PM","26","c_intruders","Core",13,0.1725,"M",0,0,0,1,0,1,7,0.125,210
"426","26C1PM","26","c_intruders","Core",13,0.1725,"D",0,0,0,1,0,1,7,0.125,210
"427","26C2AM","26","c_call","Core",13,NA,"St",0,NA,NA,NA,NA,0,14,0,NA
"428","26C2AM","26","c_call","Core",13,NA,"W/R",0,NA,NA,NA,NA,0,14,0,NA
"429","26C2AM","26","c_call","Core",13,NA,"A",0,NA,NA,NA,NA,0,14,0,NA
"430","26C2AM","26","c_call","Core",13,NA,"V",0,NA,NA,NA,NA,0,14,0,NA
"431","26C2AM","26","c_call","Core",13,NA,"M",0,NA,NA,NA,NA,0,14,0,NA
"432","26C2AM","26","c_call","Core",13,NA,"D",0,NA,NA,NA,NA,0,14,0,NA
"433","26C2AM","26","c_scents","Core",13,0.723666666666667,"St",11,0.392857142857143,2,7,0.222222222222222,3,10,0.230769230769231,25
"434","26C2AM","26","c_scents","Core",13,0.723666666666667,"W/R",11,0.392857142857143,2,7,0.222222222222222,3,10,0.230769230769231,25
"435","26C2AM","26","c_scents","Core",13,0.723666666666667,"A",0,0,2,7,0.222222222222222,3,10,0.230769230769231,25
"436","26C2AM","26","c_scents","Core",13,0.723666666666667,"V",0,0,2,7,0.222222222222222,3,10,0.230769230769231,25
"437","26C2AM","26","c_scents","Core",13,0.723666666666667,"M",6,0.214285714285714,2,7,0.222222222222222,3,10,0.230769230769231,25
"438","26C2AM","26","c_scents","Core",13,0.723666666666667,"D",0,0,2,7,0.222222222222222,3,10,0.230769230769231,25
"439","26C2PM","26","c_intruders","Core",13,0.51,"St",10,0.526315789473684,0,4,0,2,5,0.285714285714286,75
"440","26C2PM","26","c_intruders","Core",13,0.51,"W/R",7,0.368421052631579,0,4,0,2,5,0.285714285714286,75
"441","26C2PM","26","c_intruders","Core",13,0.51,"A",0,0,0,4,0,2,5,0.285714285714286,75
"442","26C2PM","26","c_intruders","Core",13,0.51,"V",0,0,0,4,0,2,5,0.285714285714286,75
"443","26C2PM","26","c_intruders","Core",13,0.51,"M",0,0,0,4,0,2,5,0.285714285714286,75
"444","26C2PM","26","c_intruders","Core",13,0.51,"D",2,0.105263157894737,0,4,0,2,5,0.285714285714286,75
"445","26C4AM","26","c_call","Core",26,0.445,"St",9,0.6,0,5,0,3,6,0.333333333333333,NA
"446","26C4AM","26","c_call","Core",26,0.445,"W/R",6,0.4,0,5,0,3,6,0.333333333333333,NA
"447","26C4AM","26","c_call","Core",26,0.445,"A",0,0,0,5,0,3,6,0.333333333333333,NA
"448","26C4AM","26","c_call","Core",26,0.445,"V",0,0,0,5,0,3,6,0.333333333333333,NA
"449","26C4AM","26","c_call","Core",26,0.445,"M",0,0,0,5,0,3,6,0.333333333333333,NA
"450","26C4AM","26","c_call","Core",26,0.445,"D",0,0,0,5,0,3,6,0.333333333333333,NA
"451","26C4AM","26","c_scents","Core",26,0.5996,"St",12,0.413793103448276,0,5,0,4,5,0.444444444444444,97
"452","26C4AM","26","c_scents","Core",26,0.5996,"W/R",15,0.517241379310345,0,5,0,4,5,0.444444444444444,97
"453","26C4AM","26","c_scents","Core",26,0.5996,"A",0,0,0,5,0,4,5,0.444444444444444,97
"454","26C4AM","26","c_scents","Core",26,0.5996,"V",0,0,0,5,0,4,5,0.444444444444444,97
"455","26C4AM","26","c_scents","Core",26,0.5996,"M",2,0.0689655172413793,0,5,0,4,5,0.444444444444444,97
"456","26C4AM","26","c_scents","Core",26,0.5996,"D",0,0,0,5,0,4,5,0.444444444444444,97
"457","26C4PM","26","c_intruders","Core",11,0.458,"St",8,0.4,0,4,0,0,5,0,210
"458","26C4PM","26","c_intruders","Core",11,0.458,"W/R",12,0.6,0,4,0,0,5,0,210
"459","26C4PM","26","c_intruders","Core",11,0.458,"A",0,0,0,4,0,0,5,0,210
"460","26C4PM","26","c_intruders","Core",11,0.458,"V",0,0,0,4,0,0,5,0,210
"461","26C4PM","26","c_intruders","Core",11,0.458,"M",0,0,0,4,0,0,5,0,210
"462","26C4PM","26","c_intruders","Core",11,0.458,"D",0,0,0,4,0,0,5,0,210
"463","26C5AM","26","c_call","Non-core",11,0.60725,"St",3,0.333333333333333,0,1,0,2,9,0.181818181818182,NA
"464","26C5AM","26","c_call","Non-core",11,0.60725,"W/R",3,0.333333333333333,0,1,0,2,9,0.181818181818182,NA
"465","26C5AM","26","c_call","Non-core",11,0.60725,"A",0,0,0,1,0,2,9,0.181818181818182,NA
"466","26C5AM","26","c_call","Non-core",11,0.60725,"V",0,0,0,1,0,2,9,0.181818181818182,NA
"467","26C5AM","26","c_call","Non-core",11,0.60725,"M",3,0.333333333333333,0,1,0,2,9,0.181818181818182,NA
"468","26C5AM","26","c_call","Non-core",11,0.60725,"D",0,0,0,1,0,2,9,0.181818181818182,NA
"469","26C5AM","26","c_scents","Non-core",11,0.874333333333333,"St",7,0.28,1,7,0.125,5,5,0.5,34
"470","26C5AM","26","c_scents","Non-core",11,0.874333333333333,"W/R",14,0.56,1,7,0.125,5,5,0.5,34
"471","26C5AM","26","c_scents","Non-core",11,0.874333333333333,"A",0,0,1,7,0.125,5,5,0.5,34
"472","26C5AM","26","c_scents","Non-core",11,0.874333333333333,"V",0,0,1,7,0.125,5,5,0.5,34
"473","26C5AM","26","c_scents","Non-core",11,0.874333333333333,"M",4,0.16,1,7,0.125,5,5,0.5,34
"474","26C5AM","26","c_scents","Non-core",11,0.874333333333333,"D",0,0,1,7,0.125,5,5,0.5,34
"475","26C5PM","26","c_intruders","Core",11,0.138,"St",3,0.5,0,1,0,1,3,0.25,210
"476","26C5PM","26","c_intruders","Core",11,0.138,"W/R",2,0.333333333333333,0,1,0,1,3,0.25,210
"477","26C5PM","26","c_intruders","Core",11,0.138,"A",0,0,0,1,0,1,3,0.25,210
"478","26C5PM","26","c_intruders","Core",11,0.138,"V",0,0,0,1,0,1,3,0.25,210
"479","26C5PM","26","c_intruders","Core",11,0.138,"M",0,0,0,1,0,1,3,0.25,210
"480","26C5PM","26","c_intruders","Core",11,0.138,"D",1,0.166666666666667,0,1,0,1,3,0.25,210
"481","26C6AM","26","c_call","Core",9,0.3365,"St",2,0.25,0,4,0,1,6,0.142857142857143,NA
"482","26C6AM","26","c_call","Core",9,0.3365,"W/R",6,0.75,0,4,0,1,6,0.142857142857143,NA
"483","26C6AM","26","c_call","Core",9,0.3365,"A",0,0,0,4,0,1,6,0.142857142857143,NA
"484","26C6AM","26","c_call","Core",9,0.3365,"V",0,0,0,4,0,1,6,0.142857142857143,NA
"485","26C6AM","26","c_call","Core",9,0.3365,"M",0,0,0,4,0,1,6,0.142857142857143,NA
"486","26C6AM","26","c_call","Core",9,0.3365,"D",0,0,0,4,0,1,6,0.142857142857143,NA
"487","26C6AM","26","c_scents","Core",9,0.3544,"St",7,0.466666666666667,0,2,0,1,6,0.142857142857143,20
"488","26C6AM","26","c_scents","Core",9,0.3544,"W/R",5,0.333333333333333,0,2,0,1,6,0.142857142857143,20
"489","26C6AM","26","c_scents","Core",9,0.3544,"A",0,0,0,2,0,1,6,0.142857142857143,20
"490","26C6AM","26","c_scents","Core",9,0.3544,"V",0,0,0,2,0,1,6,0.142857142857143,20
"491","26C6AM","26","c_scents","Core",9,0.3544,"M",3,0.2,0,2,0,1,6,0.142857142857143,20
"492","26C6AM","26","c_scents","Core",9,0.3544,"D",0,0,0,2,0,1,6,0.142857142857143,20
"493","26C6PM","26","c_intruders","Core",9,0.171428571428571,"St",8,0.571428571428571,0,2,0,0,4,0,210
"494","26C6PM","26","c_intruders","Core",9,0.171428571428571,"W/R",6,0.428571428571429,0,2,0,0,4,0,210
"495","26C6PM","26","c_intruders","Core",9,0.171428571428571,"A",0,0,0,2,0,0,4,0,210
"496","26C6PM","26","c_intruders","Core",9,0.171428571428571,"V",0,0,0,2,0,0,4,0,210
"497","26C6PM","26","c_intruders","Core",9,0.171428571428571,"M",0,0,0,2,0,0,4,0,210
"498","26C6PM","26","c_intruders","Core",9,0.171428571428571,"D",0,0,0,2,0,0,4,0,210
"499","26C7AM","26",NA,"Non-core",9,0.468,"St",4,0.108108108108108,2,3,0.4,2,6,0.25,210
"500","26C7AM","26",NA,"Non-core",9,0.468,"W/R",19,0.513513513513513,2,3,0.4,2,6,0.25,210
"501","26C7AM","26",NA,"Non-core",9,0.468,"A",0,0,2,3,0.4,2,6,0.25,210
"502","26C7AM","26",NA,"Non-core",9,0.468,"V",0,0,2,3,0.4,2,6,0.25,210
"503","26C7AM","26",NA,"Non-core",9,0.468,"M",14,0.378378378378378,2,3,0.4,2,6,0.25,210
"504","26C7AM","26",NA,"Non-core",9,0.468,"D",0,0,2,3,0.4,2,6,0.25,210
"505","26C7PM","26","c_intruders","Core",9,0.64,"St",13,0.565217391304348,0,3,0,3,1,0.75,47
"506","26C7PM","26","c_intruders","Core",9,0.64,"W/R",10,0.434782608695652,0,3,0,3,1,0.75,47
"507","26C7PM","26","c_intruders","Core",9,0.64,"A",0,0,0,3,0,3,1,0.75,47
"508","26C7PM","26","c_intruders","Core",9,0.64,"V",0,0,0,3,0,3,1,0.75,47
"509","26C7PM","26","c_intruders","Core",9,0.64,"M",0,0,0,3,0,3,1,0.75,47
"510","26C7PM","26","c_intruders","Core",9,0.64,"D",0,0,0,3,0,3,1,0.75,47
"511","26R1AM","26","t_call","Core",12,0.566,"St",2,0.0555555555555556,2,10,0.166666666666667,5,7,0.416666666666667,NA
"512","26R1AM","26","t_call","Core",12,0.566,"W/R",28,0.777777777777778,2,10,0.166666666666667,5,7,0.416666666666667,NA
"513","26R1AM","26","t_call","Core",12,0.566,"A",0,0,2,10,0.166666666666667,5,7,0.416666666666667,NA
"514","26R1AM","26","t_call","Core",12,0.566,"V",6,0.166666666666667,2,10,0.166666666666667,5,7,0.416666666666667,NA
"515","26R1AM","26","t_call","Core",12,0.566,"M",0,0,2,10,0.166666666666667,5,7,0.416666666666667,NA
"516","26R1AM","26","t_call","Core",12,0.566,"D",0,0,2,10,0.166666666666667,5,7,0.416666666666667,NA
"517","26R1AM","26","t_scents","Core",12,0.904,"St",21,0.355932203389831,3,8,0.272727272727273,12,0,1,210
"518","26R1AM","26","t_scents","Core",12,0.904,"W/R",21,0.355932203389831,3,8,0.272727272727273,12,0,1,210
"519","26R1AM","26","t_scents","Core",12,0.904,"A",0,0,3,8,0.272727272727273,12,0,1,210
"520","26R1AM","26","t_scents","Core",12,0.904,"V",0,0,3,8,0.272727272727273,12,0,1,210
"521","26R1AM","26","t_scents","Core",12,0.904,"M",17,0.288135593220339,3,8,0.272727272727273,12,0,1,210
"522","26R1AM","26","t_scents","Core",12,0.904,"D",0,0,3,8,0.272727272727273,12,0,1,210
"523","26R1PM","26","t_intruders","Non-core",12,0.974285714285714,"St",9,0.109756097560976,7,4,0.636363636363636,11,0,1,210
"524","26R1PM","26","t_intruders","Non-core",12,0.974285714285714,"W/R",19,0.231707317073171,7,4,0.636363636363636,11,0,1,210
"525","26R1PM","26","t_intruders","Non-core",12,0.974285714285714,"A",27,0.329268292682927,7,4,0.636363636363636,11,0,1,210
"526","26R1PM","26","t_intruders","Non-core",12,0.974285714285714,"V",0,0,7,4,0.636363636363636,11,0,1,210
"527","26R1PM","26","t_intruders","Non-core",12,0.974285714285714,"M",27,0.329268292682927,7,4,0.636363636363636,11,0,1,210
"528","26R1PM","26","t_intruders","Non-core",12,0.974285714285714,"D",0,0,7,4,0.636363636363636,11,0,1,210
"529","26R2AM","26","t_scents","Core",10,0.97975,"St",14,0.368421052631579,3,5,0.375,8,1,0.888888888888889,210
"530","26R2AM","26","t_scents","Core",10,0.97975,"W/R",9,0.236842105263158,3,5,0.375,8,1,0.888888888888889,210
"531","26R2AM","26","t_scents","Core",10,0.97975,"A",0,0,3,5,0.375,8,1,0.888888888888889,210
"532","26R2AM","26","t_scents","Core",10,0.97975,"V",0,0,3,5,0.375,8,1,0.888888888888889,210
"533","26R2AM","26","t_scents","Core",10,0.97975,"M",15,0.394736842105263,3,5,0.375,8,1,0.888888888888889,210
"534","26R2AM","26","t_scents","Core",10,0.97975,"D",0,0,3,5,0.375,8,1,0.888888888888889,210
"535","26R2PM","26","t_intruders","Non-core",10,0.957142857142857,"St",9,0.214285714285714,2,3,0.4,5,0,1,18
"536","26R2PM","26","t_intruders","Non-core",10,0.957142857142857,"W/R",13,0.30952380952381,2,3,0.4,5,0,1,18
"537","26R2PM","26","t_intruders","Non-core",10,0.957142857142857,"A",13,0.30952380952381,2,3,0.4,5,0,1,18
"538","26R2PM","26","t_intruders","Non-core",10,0.957142857142857,"V",0,0,2,3,0.4,5,0,1,18
"539","26R2PM","26","t_intruders","Non-core",10,0.957142857142857,"M",7,0.166666666666667,2,3,0.4,5,0,1,18
"540","26R2PM","26","t_intruders","Non-core",10,0.957142857142857,"D",0,0,2,3,0.4,5,0,1,18
"541","2R1AM","2R","t_call","Non-core",14,0.1525,"St",0,0,2,5,0.285714285714286,4,9,0.307692307692308,NA
"542","2R1AM","2R","t_call","Non-core",14,0.1525,"W/R",10,0.714285714285714,2,5,0.285714285714286,4,9,0.307692307692308,NA
"543","2R1AM","2R","t_call","Non-core",14,0.1525,"A",0,0,2,5,0.285714285714286,4,9,0.307692307692308,NA
"544","2R1AM","2R","t_call","Non-core",14,0.1525,"V",4,0.285714285714286,2,5,0.285714285714286,4,9,0.307692307692308,NA
"545","2R1AM","2R","t_call","Non-core",14,0.1525,"M",0,0,2,5,0.285714285714286,4,9,0.307692307692308,NA
"546","2R1AM","2R","t_call","Non-core",14,0.1525,"D",0,0,2,5,0.285714285714286,4,9,0.307692307692308,NA
"547","2R1AM","2R","t_scents","Non-core",14,0.789666666666667,"St",25,0.308641975308642,7,6,0.538461538461538,8,5,0.615384615384615,42
"548","2R1AM","2R","t_scents","Non-core",14,0.789666666666667,"W/R",11,0.135802469135802,7,6,0.538461538461538,8,5,0.615384615384615,42
"549","2R1AM","2R","t_scents","Non-core",14,0.789666666666667,"A",0,0,7,6,0.538461538461538,8,5,0.615384615384615,42
"550","2R1AM","2R","t_scents","Non-core",14,0.789666666666667,"V",6,0.0740740740740741,7,6,0.538461538461538,8,5,0.615384615384615,42
"551","2R1AM","2R","t_scents","Non-core",14,0.789666666666667,"M",39,0.481481481481481,7,6,0.538461538461538,8,5,0.615384615384615,42
"552","2R1AM","2R","t_scents","Non-core",14,0.789666666666667,"D",0,0,7,6,0.538461538461538,8,5,0.615384615384615,42
"553","2R1PM","2R","t_intruders","Core",14,0.875714285714286,"St",17,0.195402298850575,5,6,0.454545454545455,13,0,1,112
"554","2R1PM","2R","t_intruders","Core",14,0.875714285714286,"W/R",28,0.32183908045977,5,6,0.454545454545455,13,0,1,112
"555","2R1PM","2R","t_intruders","Core",14,0.875714285714286,"A",4,0.0459770114942529,5,6,0.454545454545455,13,0,1,112
"556","2R1PM","2R","t_intruders","Core",14,0.875714285714286,"V",0,0,5,6,0.454545454545455,13,0,1,112
"557","2R1PM","2R","t_intruders","Core",14,0.875714285714286,"M",37,0.425287356321839,5,6,0.454545454545455,13,0,1,112
"558","2R1PM","2R","t_intruders","Core",14,0.875714285714286,"D",1,0.0114942528735632,5,6,0.454545454545455,13,0,1,112
"559","2R2AM","2R","t_scents","Non-core",11,0.708666666666667,"St",19,0.633333333333333,1,9,0.1,9,1,0.9,51
"560","2R2AM","2R","t_scents","Non-core",11,0.708666666666667,"W/R",6,0.2,1,9,0.1,9,1,0.9,51
"561","2R2AM","2R","t_scents","Non-core",11,0.708666666666667,"A",0,0,1,9,0.1,9,1,0.9,51
"562","2R2AM","2R","t_scents","Non-core",11,0.708666666666667,"V",0,0,1,9,0.1,9,1,0.9,51
"563","2R2AM","2R","t_scents","Non-core",11,0.708666666666667,"M",5,0.166666666666667,1,9,0.1,9,1,0.9,51
"564","2R2AM","2R","t_scents","Non-core",11,0.708666666666667,"D",0,0,1,9,0.1,9,1,0.9,51
"565","2R2PM","2R","t_intruders","Non-core",11,0.237142857142857,"St",1,0.0153846153846154,9,0,1,9,0,1,84
"566","2R2PM","2R","t_intruders","Non-core",11,0.237142857142857,"W/R",1,0.0153846153846154,9,0,1,9,0,1,84
"567","2R2PM","2R","t_intruders","Non-core",11,0.237142857142857,"A",5,0.0769230769230769,9,0,1,9,0,1,84
"568","2R2PM","2R","t_intruders","Non-core",11,0.237142857142857,"V",0,0,9,0,1,9,0,1,84
"569","2R2PM","2R","t_intruders","Non-core",11,0.237142857142857,"M",58,0.892307692307692,9,0,1,9,0,1,84
"570","2R2PM","2R","t_intruders","Non-core",11,0.237142857142857,"D",0,0,9,0,1,9,0,1,84
"571","2R3AM","2R","t_scents","Core",7,0.502,"St",2,0.0571428571428571,4,2,0.666666666666667,6,0,1,46
"572","2R3AM","2R","t_scents","Core",7,0.502,"W/R",10,0.285714285714286,4,2,0.666666666666667,6,0,1,46
"573","2R3AM","2R","t_scents","Core",7,0.502,"A",0,0,4,2,0.666666666666667,6,0,1,46
"574","2R3AM","2R","t_scents","Core",7,0.502,"V",0,0,4,2,0.666666666666667,6,0,1,46
"575","2R3AM","2R","t_scents","Core",7,0.502,"M",23,0.657142857142857,4,2,0.666666666666667,6,0,1,46
"576","2R3AM","2R","t_scents","Core",7,0.502,"D",0,0,4,2,0.666666666666667,6,0,1,46
"577","2R3PM","2R","t_intruders","Non-core",7,0.157142857142857,"St",2,0.111111111111111,0,2,0,2,4,0.333333333333333,210
"578","2R3PM","2R","t_intruders","Non-core",7,0.157142857142857,"W/R",15,0.833333333333333,0,2,0,2,4,0.333333333333333,210
"579","2R3PM","2R","t_intruders","Non-core",7,0.157142857142857,"A",1,0.0555555555555556,0,2,0,2,4,0.333333333333333,210
"580","2R3PM","2R","t_intruders","Non-core",7,0.157142857142857,"V",0,0,0,2,0,2,4,0.333333333333333,210
"581","2R3PM","2R","t_intruders","Non-core",7,0.157142857142857,"M",0,0,0,2,0,2,4,0.333333333333333,210
"582","2R3PM","2R","t_intruders","Non-core",7,0.157142857142857,"D",0,0,0,2,0,2,4,0.333333333333333,210
"583","2R4AM","2R","t_call","Non-core",14,NA,"St",0,NA,NA,NA,NA,0,13,0,NA
"584","2R4AM","2R","t_call","Non-core",14,NA,"W/R",0,NA,NA,NA,NA,0,13,0,NA
"585","2R4AM","2R","t_call","Non-core",14,NA,"A",0,NA,NA,NA,NA,0,13,0,NA
"586","2R4AM","2R","t_call","Non-core",14,NA,"V",0,NA,NA,NA,NA,0,13,0,NA
"587","2R4AM","2R","t_call","Non-core",14,NA,"M",0,NA,NA,NA,NA,0,13,0,NA
"588","2R4AM","2R","t_call","Non-core",14,NA,"D",0,NA,NA,NA,NA,0,13,0,NA
"589","2R4AM","2R","t_scents","Non-core",14,0.637833333333333,"St",17,0.283333333333333,6,3,0.666666666666667,9,3,0.75,210
"590","2R4AM","2R","t_scents","Non-core",14,0.637833333333333,"W/R",6,0.1,6,3,0.666666666666667,9,3,0.75,210
"591","2R4AM","2R","t_scents","Non-core",14,0.637833333333333,"A",0,0,6,3,0.666666666666667,9,3,0.75,210
"592","2R4AM","2R","t_scents","Non-core",14,0.637833333333333,"V",0,0,6,3,0.666666666666667,9,3,0.75,210
"593","2R4AM","2R","t_scents","Non-core",14,0.637833333333333,"M",37,0.616666666666667,6,3,0.666666666666667,9,3,0.75,210
"594","2R4AM","2R","t_scents","Non-core",14,0.637833333333333,"D",0,0,6,3,0.666666666666667,9,3,0.75,210
